concurrency,mean_input_tokens,mean_output_tokens,token_combo,inter_token_latency_s_mean,inter_token_latency_s_quantiles_p95,inter_token_latency_s_quantiles_p99,ttft_s_mean,ttft_s_quantiles_p95,ttft_s_quantiles_p99,end_to_end_latency_mean_s,request_output_throughput_token_per_s_mean,request_output_throughput_token_per_s_quantiles_p95,request_output_throughput_token_per_s_quantiles_p99,mean_output_throughput_token_per_s,number_input_tokens_mean,number_output_tokens_mean,success_rate,completed_requests,benchmark_case
2,1024,512,1024_512_14B_1,0.030879990697847012,0.03195391050979485,0.0332088629268718,0.2789254095279486,0.28995231364388013,0.37156848885118876,15.81840098139553,36.01319686064872,37.682198282764666,46.07351120076014,71.71746591937082,1023.6756756756756,569.1756756756756,1.0,74,deepseek-ai-DeepSeek-R1-Distill-Qwen-14B_1024_512
2,1024,512,1024_512_14B_2,0.0349638094840241,0.03782111091954678,0.03865947298476385,0.28520851160371397,0.3200548404129222,0.3490583645412698,17.912276948936228,31.691732842213792,35.311990132397426,35.59502038878043,62.87265851330276,1023.8787878787879,566.1363636363636,1.0,66,deepseek-ai-DeepSeek-R1-Distill-Qwen-14B_1024_512
3,1024,512,1024_512_14B_1,0.03191511741355807,0.03345628424838174,0.03421765074569385,0.2976835858447615,0.47870073863305107,0.6770817930856706,16.371807338665583,34.58852161161528,36.62540938837053,37.29572054034222,103.26537105200964,1023.5370370370371,565.8611111111111,1.0,108,deepseek-ai-DeepSeek-R1-Distill-Qwen-14B_1024_512
3,1024,512,1024_512_14B_2,0.0392302552685105,0.04427908174658453,0.0448477537635298,0.3015132439965061,0.3333326627966017,0.779519061408937,20.091027286235544,28.561453057586984,34.86815801279435,38.63601404390616,84.30770753475436,1023.3793103448276,567.8390804597701,1.0,87,deepseek-ai-DeepSeek-R1-Distill-Qwen-14B_1024_512
4,1024,512,1024_512_14B_1,0.03280795497368868,0.03460316891392355,0.03593244060841434,0.3001641433453187,0.43701471539679915,1.038367179292254,16.832490629819223,33.62626734218084,35.71370124155067,36.844038168900525,133.81661517822738,1022.7857142857143,565.6214285714286,1.0,140,deepseek-ai-DeepSeek-R1-Distill-Qwen-14B_1024_512
4,1024,512,1024_512_14B_2,0.04064079994260354,0.04559410993873999,0.04718256394050243,0.3069643479580658,0.45604827825445676,0.4985577819915488,20.756569848948857,27.246239421310115,30.629855841305737,32.712989198594926,107.41540700362513,1023.3660714285714,561.9553571428571,1.0,112,deepseek-ai-DeepSeek-R1-Distill-Qwen-14B_1024_512
5,1024,512,1024_512_14B_1,0.0335286575620068,0.03487871553920066,0.036307165957028854,0.3150087012060206,0.4701597410254172,1.169686201340519,17.155972733622527,33.0665723076311,35.274721375716915,35.723913386955054,164.1510093168552,1023.4470588235295,567.064705882353,1.0,170,deepseek-ai-DeepSeek-R1-Distill-Qwen-14B_1024_512
5,1024,512,1024_512_14B_2,0.04252666492958581,0.04559936801935209,0.0459409247700217,0.31593845720506375,0.42326785866171124,0.9993143965210763,21.82300593799187,26.058764057164876,28.45602722809834,29.758151526659656,129.15112280219734,1022.7703703703704,567.6518518518518,1.0,135,deepseek-ai-DeepSeek-R1-Distill-Qwen-14B_1024_512
6,1024,512,1024_512_14B_2,0.043253341839251926,0.04598746494638862,0.046564526500969296,0.32245298135801675,0.5070350455818697,1.0257587602920832,22.211137062189156,25.617169648108426,29.302777962839567,32.301604301553944,150.22368576372648,1023.2848101265823,566.5949367088608,1.0,158,deepseek-ai-DeepSeek-R1-Distill-Qwen-14B_1024_512
6,1024,512,1024_512_14B_1,0.034061814392742494,0.03535785281884762,0.035894140890881235,0.30936512848279335,0.44035784152802077,1.2553123161802069,17.469398005051758,32.44825208345501,34.51795425411544,36.181962613548656,192.15552764788606,1023.6089108910891,566.549504950495,1.0,202,deepseek-ai-DeepSeek-R1-Distill-Qwen-14B_1024_512
7,1024,512,1024_512_14B_1,0.03564047101863708,0.0378137999047911,0.03826589714084158,0.3265935247310693,0.5071495914598927,1.1175352645805106,18.14998183896625,31.78473692732434,34.922631136577884,51.146874583217276,218.47681994164634,1023.4380530973451,575.1858407079646,1.0,226,deepseek-ai-DeepSeek-R1-Distill-Qwen-14B_1024_512
7,1024,512,1024_512_14B_2,0.044543025500860256,0.04880358271736429,0.05049788752886678,0.33194352527517457,0.48840759994927785,1.284749982045032,22.836631096362208,24.86133130135949,28.273074814633777,30.310342188163737,171.95852513236073,1023.2252747252747,565.1483516483516,1.0,182,deepseek-ai-DeepSeek-R1-Distill-Qwen-14B_1024_512
8,1024,512,1024_512_14B_1,0.03678381148509395,0.03895738671601264,0.04202536620320885,0.3231543358415365,0.49930528609547764,1.348509432841086,18.154333760146983,32.7057046984619,44.87142904357327,52.19661264046123,255.1670375557508,1023.73046875,592.0234375,1.0,256,deepseek-ai-DeepSeek-R1-Distill-Qwen-14B_1024_512
8,1024,512,1024_512_14B_2,0.04517597756711733,0.04985780222049607,0.05114719188432562,0.33100936932975583,0.49315358051098834,1.390374432085078,23.150038089018242,24.606586547582857,27.558090607459068,29.39079459631664,192.34652319493406,1023.5467980295566,567.3694581280788,1.0,203,deepseek-ai-DeepSeek-R1-Distill-Qwen-14B_1024_512
9,1024,512,1024_512_14B_2,0.04608397518229009,0.05018850766210718,0.052526512069019135,0.3415243004127282,0.512708758818917,1.177558538154699,23.42474574680786,24.16683170147613,26.220842661591206,27.759219691560155,214.7769497623572,1023.4646017699115,564.5044247787611,1.0,226,deepseek-ai-DeepSeek-R1-Distill-Qwen-14B_1024_512
9,1024,512,1024_512_14B_1,0.03750012107452227,0.042890378832175016,0.04639953192721412,0.33524212361953687,0.5063267451478168,1.531322753406123,18.035094696768283,36.68481044955447,53.929470928508316,57.16325079656528,313.7915160309075,1023.74609375,657.46484375,1.0,256,deepseek-ai-DeepSeek-R1-Distill-Qwen-14B_1024_512
10,1024,512,1024_512_14B_1,0.038702566922014306,0.04201110749250349,0.058050547957083996,0.3432248730696301,0.6604334010044113,1.8400176182622063,18.248022321822646,37.28203257124464,52.66923343791266,56.23348382829043,355.65633367066397,1023.625,681.375,1.0,256,deepseek-ai-DeepSeek-R1-Distill-Qwen-14B_1024_512
10,1024,512,1024_512_14B_2,0.04579073624412389,0.05004710119307582,0.052006135474755466,0.33448009428903164,0.5007191396318375,1.1829248799011112,23.159018699079752,24.679639254969064,27.724168339737442,39.459824037999596,242.18572614676205,1023.7628458498024,569.1739130434783,1.0,253,deepseek-ai-DeepSeek-R1-Distill-Qwen-14B_1024_512
11,1024,512,1024_512_14B_2,0.04570091484516971,0.049362111242930815,0.05075199712113982,0.3460153304240521,0.5319983104709536,1.1299681855831294,23.105833230574717,24.739437498986582,27.959699901459384,35.663567553541114,257.2031447617515,1023.7265625,567.76171875,1.0,256,deepseek-ai-DeepSeek-R1-Distill-Qwen-14B_1024_512
11,1024,512,1024_512_14B_1,0.03910825974998223,0.04210232288934488,0.04516610894019004,0.35025765854697966,0.5104493584949523,1.815839930716902,18.809236791392323,40.12571266189004,52.11743108515939,54.60441610056252,415.124843874791,1023.703125,752.515625,1.0,256,deepseek-ai-DeepSeek-R1-Distill-Qwen-14B_1024_512
12,1024,512,1024_512_14B_1,0.03937568756530875,0.041161980719331276,0.04275040259601226,0.35969961335104017,0.5435146081726998,2.1031235055765065,19.32146041172564,40.40871453525649,50.53697871739694,52.781074929743355,458.06088115101227,1023.72265625,779.99609375,1.0,256,deepseek-ai-DeepSeek-R1-Distill-Qwen-14B_1024_512
12,1024,512,1024_512_14B_2,0.04565010852854398,0.049437185098831896,0.051541093863131666,0.34829930987689295,0.5582586290547624,1.3012290609767658,23.123754175605427,25.72082932855259,37.31897041784638,42.42716288499524,292.2153542745518,1023.875,591.0625,1.0,256,deepseek-ai-DeepSeek-R1-Distill-Qwen-14B_1024_512
13,1024,512,1024_512_14B_2,0.04682197064746522,0.04950912001212715,0.05096869589622566,0.36550478786921303,0.6726154912030324,1.3332446663640438,23.638952065532067,25.23044399627591,35.4369879726363,43.32264677881875,304.3459475220832,1023.67578125,594.75390625,1.0,256,deepseek-ai-DeepSeek-R1-Distill-Qwen-14B_1024_512
13,1024,512,1024_512_14B_1,0.04084824112039966,0.04324184047469231,0.05538144432672632,0.38136034579110856,0.6693650232627988,2.18523889954667,19.833336731111558,37.76219540427071,49.836408418275816,51.006848568009445,463.1085856755999,1023.6953125,752.8125,1.0,256,deepseek-ai-DeepSeek-R1-Distill-Qwen-14B_1024_512
14,1024,512,1024_512_14B_2,0.04644209764202172,0.05070692783484317,0.05250600772848822,0.3580023345966765,0.524270421359688,1.5624793598661157,23.127763797396256,26.43475221059022,38.69594926412418,44.082691771510646,344.98073646845637,1023.69921875,606.6171875,1.0,256,deepseek-ai-DeepSeek-R1-Distill-Qwen-14B_1024_512
14,1024,512,1024_512_14B_1,0.04190716818728632,0.045244915736913915,0.05338026267588113,0.3973226769885514,0.786268723080866,2.595411583804525,20.3848681799318,38.281552032660414,48.6251921827121,50.43969411956887,500.07188215136597,1023.75,782.4765625,1.0,256,deepseek-ai-DeepSeek-R1-Distill-Qwen-14B_1024_512
15,1024,512,1024_512_14B_1,0.04244295996729118,0.044558820008218425,0.059026787783152436,0.40741486268780136,1.0874682335415855,2.588804920320399,20.51611489428251,38.8535645760175,47.88247404953883,51.03474534093602,547.2276921278017,1023.77734375,801.4765625,1.0,256,deepseek-ai-DeepSeek-R1-Distill-Qwen-14B_1024_512
15,1024,512,1024_512_14B_2,0.04847896423340291,0.05265068437014724,0.05536201044056089,0.3837233292069868,0.773427099105902,1.8727874337695538,24.35349400394807,25.72229445348481,39.28739086014299,41.77140269970915,356.1177499325838,1023.8046875,622.5390625,1.0,256,deepseek-ai-DeepSeek-R1-Distill-Qwen-14B_1024_512
16,1024,512,1024_512_14B_2,0.049088608263929405,0.051801950648820434,0.06276843727177225,0.3891214151044551,0.888872689451091,2.152984969061792,23.997885261531337,25.81842152637028,39.30492815394045,43.799162852660174,380.32002888608923,1023.71484375,617.4453125,1.0,256,deepseek-ai-DeepSeek-R1-Distill-Qwen-14B_1024_512
16,1024,512,1024_512_14B_1,0.04355264793014953,0.04645922560161451,0.05913959005621096,0.43478052881800977,1.0828459422336891,2.8267014002893065,21.555444392757636,36.41070340501511,47.524432049547684,50.24482094392667,542.6696970438181,1023.79296875,788.0,1.0,256,deepseek-ai-DeepSeek-R1-Distill-Qwen-14B_1024_512
17,1024,512,1024_512_14B_2,0.04867767732507568,0.0535748494301288,0.055160913601024146,0.3791392583425477,1.1129933567717671,1.9043291871668768,24.003234158193663,27.8305968285863,41.741260494405815,43.99569676260223,430.1027325286343,1023.98046875,662.5703125,1.0,256,deepseek-ai-DeepSeek-R1-Distill-Qwen-14B_1024_512
17,1024,512,1024_512_14B_1,0.04490517451849679,0.0477466189283479,0.06424035458297563,0.44193060335055634,1.207832211861387,2.9876241649268125,22.005200795683777,35.79660334339586,45.26033545068462,47.51965295806625,563.0846892195638,1023.66015625,789.37890625,1.0,256,deepseek-ai-DeepSeek-R1-Distill-Qwen-14B_1024_512
18,1024,512,1024_512_14B_2,0.04939993061591525,0.053710087590791905,0.060618234860185714,0.40788479438379,1.1822508422192186,2.232567748869762,24.20198245757092,27.430900150774978,38.91378130210017,42.80337429269956,449.7239480286169,1023.67578125,664.07421875,1.0,256,deepseek-ai-DeepSeek-R1-Distill-Qwen-14B_1024_512
18,1024,512,1024_512_14B_1,0.046111046770364345,0.048942803126280625,0.06115718937442637,0.45734104985058366,1.2439735592342913,3.480228590709157,22.21044503073972,35.53808652242191,44.23581139722737,45.99091212750159,592.1645895820727,1023.88671875,794.74609375,1.0,256,deepseek-ai-DeepSeek-R1-Distill-Qwen-14B_1024_512
19,1024,512,1024_512_14B_1,0.04664024284690309,0.04974926039859418,0.05697247741161573,0.47723920729731617,1.8146958734141663,3.3241054048994556,22.94354408295294,34.827630963565824,43.13601927671888,45.78454504920962,608.3743915973715,1023.73046875,799.703125,1.0,256,deepseek-ai-DeepSeek-R1-Distill-Qwen-14B_1024_512
19,1024,512,1024_512_14B_2,0.04918826934676038,0.05366184874905567,0.054663312367659186,0.40944582908559823,1.1268376036314294,1.8948377269553018,24.51956436004184,26.797732336496473,38.88317490469451,42.95100886254851,463.6235820073949,1023.57421875,655.7421875,1.0,256,deepseek-ai-DeepSeek-R1-Distill-Qwen-14B_1024_512
20,1024,512,1024_512_14B_2,0.0514538047100479,0.056739383459818875,0.06124647325196485,0.4168445253253594,1.1490006344392896,2.6260852046310896,25.12310744556271,27.53127887945446,39.29072963502486,45.07346687640309,494.8007709133421,1023.8046875,689.00390625,1.0,256,deepseek-ai-DeepSeek-R1-Distill-Qwen-14B_1024_512
20,1024,512,1024_512_14B_1,0.04780045396945977,0.05060435384758054,0.053724240795989746,0.5036340228652989,1.8581988629885018,3.61237635717261,23.947385057026622,34.18823576125813,42.62284368921153,44.679436212872105,623.374254528019,1023.73046875,818.046875,1.0,256,deepseek-ai-DeepSeek-R1-Distill-Qwen-14B_1024_512
21,1024,512,1024_512_14B_1,0.04918160013478609,0.051913808663240045,0.06869516874644864,0.5164329223480308,1.8517321096733212,4.062030129716732,24.146926365969193,33.78275329181151,41.32980570206536,43.43415954420301,654.1470259045807,1023.6640625,820.27734375,1.0,256,deepseek-ai-DeepSeek-R1-Distill-Qwen-14B_1024_512
21,1024,512,1024_512_14B_2,0.05196726536080805,0.05790637271821091,0.05944278205598225,0.4374905646764091,1.0894492745865136,2.5690370835596688,25.217795643840873,27.72001443838517,38.99961360917784,41.48546828616589,523.2499115898996,1023.84765625,695.828125,1.0,256,deepseek-ai-DeepSeek-R1-Distill-Qwen-14B_1024_512
22,1024,512,1024_512_14B_1,0.05013877233036617,0.05388840078652844,0.07741012130774463,0.5501645336498768,2.04413769452367,4.10033290986903,24.137741267040838,33.000111313211775,40.22353224318034,42.41968661175243,668.8062025362777,1023.76953125,803.046875,1.0,256,deepseek-ai-DeepSeek-R1-Distill-Qwen-14B_1024_512
22,1024,512,1024_512_14B_2,0.051380619921990535,0.05569230307829379,0.06959315434703067,0.4476019821886439,1.1671683229506016,2.2702205239096656,25.15730132479257,28.36131255949094,40.20271590008379,42.589254932151135,560.3181614330069,1023.765625,711.5078125,1.0,256,deepseek-ai-DeepSeek-R1-Distill-Qwen-14B_1024_512
23,1024,512,1024_512_14B_2,0.051033046416301145,0.05608298218640285,0.05765292881836042,0.46006173040041176,1.3412985518807545,2.4484001259319412,24.872976383951027,28.525577683250834,39.99454296491263,43.65057368138187,579.7375559742301,1023.66015625,705.64453125,1.0,256,deepseek-ai-DeepSeek-R1-Distill-Qwen-14B_1024_512
23,1024,512,1024_512_14B_1,0.0518340577224142,0.05719554474984798,0.0853151092494783,0.5801780879100988,2.5525665532331914,4.052544196369126,24.419789005605708,32.1405451652655,40.03149548247817,42.80467186629291,667.9174201205543,1023.62890625,792.671875,1.0,256,deepseek-ai-DeepSeek-R1-Distill-Qwen-14B_1024_512
24,1024,512,1024_512_14B_2,0.05242204388239385,0.05715734975902663,0.06232400654844586,0.47731883246888174,1.4794591246172786,2.584470871044323,25.808649280366808,27.644076307882127,37.64623247145978,39.802343712232194,579.0109763819657,1023.65625,707.53125,1.0,256,deepseek-ai-DeepSeek-R1-Distill-Qwen-14B_1024_512
24,1024,512,1024_512_14B_1,0.05236921079262657,0.05697808159917629,0.08504324646476699,0.5974275321132154,2.570967564941384,4.3633288417011435,25.1219473042529,30.89701706781902,39.0413279326271,40.520643041198085,665.6009003228736,1023.69921875,782.5,1.0,256,deepseek-ai-DeepSeek-R1-Distill-Qwen-14B_1024_512
25,1024,512,1024_512_14B_2,0.05325164280807388,0.0570585029859678,0.06476162588358071,0.4743168875811534,1.8379937189165503,2.609656186331995,26.227146271787205,28.065770809124757,37.424206461703925,39.75812979973926,628.0284005809294,1023.71484375,736.64453125,1.0,256,deepseek-ai-DeepSeek-R1-Distill-Qwen-14B_1024_512
25,1024,512,1024_512_14B_1,0.052646358293162665,0.055852766531357984,0.07792066703206409,0.6196763244024623,2.563314133323729,4.749962223344482,25.968320132120425,30.857195807894758,38.28012770140901,39.873856099463254,697.444929447367,1023.7109375,801.81640625,1.0,256,deepseek-ai-DeepSeek-R1-Distill-Qwen-14B_1024_512
26,1024,512,1024_512_14B_1,0.054283454604093645,0.05826982022621952,0.06645151965142918,0.6345846961503412,2.6986836303258315,4.852970004663802,26.484365160587913,31.196273019628222,37.96766111612745,39.90580229694482,726.2938710883014,1023.63671875,829.1796875,1.0,256,deepseek-ai-DeepSeek-R1-Distill-Qwen-14B_1024_512
26,1024,512,1024_512_14B_2,0.054007873286542725,0.0580839845843181,0.06469874825103518,0.5085608241479349,1.855662225978449,2.5886459555476904,26.294120481195932,26.532725639386683,37.44693520493164,39.80772116221003,604.9293952400435,1023.7109375,699.0,1.0,256,deepseek-ai-DeepSeek-R1-Distill-Qwen-14B_1024_512
27,1024,512,1024_512_14B_2,0.053777127679529246,0.05913535753494361,0.06991167574503081,0.5619334742441424,2.400603811722249,3.1607471850933506,26.29283730078714,26.937771785173208,38.02929273268359,42.26136893676994,638.1163450364747,1023.94921875,704.37890625,1.0,256,deepseek-ai-DeepSeek-R1-Distill-Qwen-14B_1024_512
27,1024,512,1024_512_14B_1,0.05482272306688988,0.05880956623332521,0.07505837499652199,0.6668223447231867,3.336722448002547,4.843262935313396,26.696601616071348,29.61231244824263,37.602789493852065,39.080642873809694,718.2482849856855,1023.7734375,793.63671875,1.0,256,deepseek-ai-DeepSeek-R1-Distill-Qwen-14B_1024_512
28,1024,512,1024_512_14B_2,0.05465523117397468,0.06024463741155554,0.06198673771593611,0.5366261478866363,1.9415158400079235,2.835373814892955,27.15531315624139,25.792680309792765,34.66606515868072,38.80648812608994,639.5545033934965,1023.7578125,697.73046875,1.0,256,deepseek-ai-DeepSeek-R1-Distill-Qwen-14B_1024_512
28,1024,512,1024_512_14B_1,0.05659325288461893,0.06170997742541243,0.11198453648582733,0.7024977415931062,3.3382514028344303,5.122736679436632,27.256713740720443,29.05861353234826,37.04773528347759,39.024567597539104,735.5495607224096,1023.74609375,799.5390625,1.0,256,deepseek-ai-DeepSeek-R1-Distill-Qwen-14B_1024_512
29,1024,512,1024_512_14B_2,0.05571392612710793,0.06055091855820977,0.07168674416067677,0.5439045022121718,1.9038615379249677,2.757727543101645,27.45097855343556,27.569929719170965,35.88240037696701,37.85312405483961,700.3330514922492,1023.80078125,760.51953125,1.0,256,deepseek-ai-DeepSeek-R1-Distill-Qwen-14B_1024_512
29,1024,512,1024_512_14B_1,0.05678257790541269,0.06331603037473528,0.07694032463215376,0.7303268574723916,3.337353740702383,5.581321943085641,28.106287729808173,29.277234406943624,36.021289849003296,38.64536649969352,753.0730192134913,1023.76171875,823.984375,1.0,256,deepseek-ai-DeepSeek-R1-Distill-Qwen-14B_1024_512
30,1024,512,1024_512_14B_1,0.058211165893368264,0.06293175500813028,0.10218194074539567,0.7550849214567279,3.5129279132233933,5.564340335968882,28.16229673012458,27.60173783449785,34.904594876049536,36.368453037063006,726.157526066287,1023.828125,782.6796875,1.0,256,deepseek-ai-DeepSeek-R1-Distill-Qwen-14B_1024_512
30,1024,512,1024_512_14B_2,0.055948574425943934,0.06137498789881009,0.06415511321665783,0.5242667094535136,1.8775967294350266,2.969330418738536,27.54636602976825,27.574225541578166,35.55048228590103,37.99864869984694,711.1517405779648,1023.8203125,758.80859375,1.0,256,deepseek-ai-DeepSeek-R1-Distill-Qwen-14B_1024_512
31,1024,512,1024_512_14B_1,0.05887797675659932,0.06442477873155628,0.10723056993017291,0.7772227412478969,4.019806268974207,5.519269572058692,28.765537734558166,27.545083761863616,34.93070467970762,36.477166436023886,761.6933974615106,1023.53125,796.8046875,1.0,256,deepseek-ai-DeepSeek-R1-Distill-Qwen-14B_1024_512
31,1024,512,1024_512_14B_2,0.05580115208347657,0.06093886460916245,0.06353890068098582,0.5625875308051036,2.1431517616147175,3.2184080402133968,27.880274396024106,27.730235274297748,37.46959262082807,41.068317193948985,744.7284337738917,1023.609375,771.6484375,1.0,256,deepseek-ai-DeepSeek-R1-Distill-Qwen-14B_1024_512
32,1024,512,1024_512_14B_2,0.05718509199466567,0.06395491349347848,0.06888446771865135,0.5783598279176658,2.5415035357000306,3.3106343520805237,27.64796467877386,25.97047085561457,35.79809308730147,39.346055770846476,715.162889189634,1023.58203125,716.68359375,1.0,256,deepseek-ai-DeepSeek-R1-Distill-Qwen-14B_1024_512
32,1024,512,1024_512_14B_1,0.06060073743872503,0.06478806730382766,0.13727625297554233,0.8071832550540421,4.086344041395932,5.855553613812656,29.266070548912467,26.852827350792367,34.244156502952,35.833430504023156,762.7933120752418,1023.6875,791.265625,1.0,256,deepseek-ai-DeepSeek-R1-Distill-Qwen-14B_1024_512
33,1024,512,1024_512_14B_1,0.06982062727293328,0.07634577069826134,0.12260702304541843,0.8294116752713308,4.192714485689066,5.96899365910794,33.42193814172424,23.35860855205233,29.34657359934938,30.62034543074561,674.4744650275449,1023.7265625,786.49609375,1.0,256,deepseek-ai-DeepSeek-R1-Distill-Qwen-14B_1024_512
33,1024,512,1024_512_14B_2,0.05888606092057212,0.06459545213475389,0.07365901347841958,0.6192070793385938,2.6914362023817375,3.408947985526174,28.73334109791358,26.126319839100333,35.74764553166498,40.26077509159985,729.1796623908449,1023.69140625,748.1015625,1.0,256,deepseek-ai-DeepSeek-R1-Distill-Qwen-14B_1024_512
34,1024,512,1024_512_14B_2,0.05751421668353977,0.06294913544503893,0.07190589219373157,0.6121724750028079,2.594079049420543,3.3803190482314673,28.42189190670797,26.771603406826184,35.350527307800306,37.95434726205631,765.9743839451796,1023.7421875,762.3203125,1.0,256,deepseek-ai-DeepSeek-R1-Distill-Qwen-14B_1024_512
34,1024,512,1024_512_14B_1,0.07035648832532099,0.07669422469942289,0.09857890754095955,0.87919633702586,4.273275511688553,6.335032537090592,34.47933837457094,22.75438387078383,28.804457318135945,30.691680335630597,672.5236426057079,1023.640625,788.4296875,1.0,256,deepseek-ai-DeepSeek-R1-Distill-Qwen-14B_1024_512
35,1024,512,1024_512_14B_1,0.07135514529362365,0.0778414561083983,0.0937078489969858,0.9049317165136017,4.845508400932886,6.365012634312734,34.96315913683611,23.490420534079107,28.95457889376857,30.60076327727929,721.5624356836939,1023.84375,824.0390625,1.0,256,deepseek-ai-DeepSeek-R1-Distill-Qwen-14B_1024_512
35,1024,512,1024_512_14B_2,0.06128555557192806,0.06587644127113974,0.07757042498063335,0.6428512019174377,2.6054246878484264,4.138630173751153,30.101882628332532,25.291106230209536,33.84840812760698,35.48528083516863,756.8353341102452,1023.76953125,763.1640625,1.0,256,deepseek-ai-DeepSeek-R1-Distill-Qwen-14B_1024_512
36,1024,512,1024_512_14B_2,0.062239559490988854,0.06760085133595828,0.09601255541312244,0.6850158177276171,2.6956779519096017,3.462701509427279,29.89143578531366,23.934395378897865,33.096879386645284,36.53951588602318,729.9177700394742,1023.765625,715.04296875,1.0,256,deepseek-ai-DeepSeek-R1-Distill-Qwen-14B_1024_512
36,1024,512,1024_512_14B_1,0.07407523862670848,0.07993419656509779,0.1938575559110307,0.9639290214872744,4.7893740551080555,6.579828921938308,35.27619192932252,21.92245706312311,28.608677629490288,29.86607740536139,706.5882940710047,1023.7890625,778.375,1.0,256,deepseek-ai-DeepSeek-R1-Distill-Qwen-14B_1024_512
37,1024,512,1024_512_14B_1,0.07441414985985417,0.08179298225117777,0.13203670235672116,1.0097231721611024,4.86499584291596,7.029077530582435,35.89680555525774,22.41397538995335,27.98643407759992,29.16143098940773,732.1088890551728,1023.7890625,808.98828125,1.0,256,deepseek-ai-DeepSeek-R1-Distill-Qwen-14B_1024_512
37,1024,512,1024_512_14B_2,0.061305033386359106,0.06776983250235065,0.07569668047603206,0.6474932558248838,2.5941132406005636,4.1106668880907815,30.34960581354244,25.291294239603403,32.99622769582855,36.29383027876071,800.002205986359,1023.98828125,767.58203125,1.0,256,deepseek-ai-DeepSeek-R1-Distill-Qwen-14B_1024_512
38,1024,512,1024_512_14B_1,0.07912761421775469,0.08211968969097597,0.1868409118188229,1.0177402167610126,5.037482315558009,7.070668889326043,36.05064681010845,21.44531176440975,27.001311453118472,27.98516792300434,706.9302056892478,1023.71484375,783.52734375,1.0,256,deepseek-ai-DeepSeek-R1-Distill-Qwen-14B_1024_512
38,1024,512,1024_512_14B_2,0.06136209307859802,0.07061594638527609,0.07548487936937134,0.7071142379809316,2.738364463788457,4.964028983656316,30.276911142749668,25.96626774705424,33.549710824155575,35.66579130464296,819.0819148537147,1023.73046875,785.421875,1.0,256,deepseek-ai-DeepSeek-R1-Distill-Qwen-14B_1024_512
39,1024,512,1024_512_14B_2,0.06327150672169676,0.06893515668807819,0.077307888632485,0.6768415588376229,2.7585026181768626,4.162754820147529,30.842666405316777,24.0829797954228,32.20840803645379,35.46798573857317,782.1956160754096,1023.9921875,745.59765625,1.0,256,deepseek-ai-DeepSeek-R1-Distill-Qwen-14B_1024_512
39,1024,512,1024_512_14B_1,0.07573385509681038,0.08316131001503713,0.11571457897587548,1.0384467396343098,5.599274778855033,7.106093800580129,37.193672809724376,21.067232826215314,27.119839868760096,28.844212433827813,706.3254354406067,1023.66796875,786.5390625,1.0,256,deepseek-ai-DeepSeek-R1-Distill-Qwen-14B_1024_512
40,1024,512,1024_512_14B_2,0.06442134442931091,0.07307387283011851,0.13024026155712015,0.7304324621927663,3.121399346855469,4.9174306655069815,31.12857896945752,24.111303645443584,33.0085902992099,34.63693030294906,795.3229841026143,1023.9375,750.91015625,1.0,256,deepseek-ai-DeepSeek-R1-Distill-Qwen-14B_1024_512
40,1024,512,1024_512_14B_1,0.07664755282250377,0.08328169037492207,0.1375891654461713,1.0842497238736541,5.68904709990602,7.186801716359332,36.82696158688668,21.440772732813137,27.0128477036806,28.0766445433764,725.3948336343893,1023.56640625,791.125,1.0,256,deepseek-ai-DeepSeek-R1-Distill-Qwen-14B_1024_512
41,1024,512,1024_512_14B_2,0.06354605301404401,0.07078932951720353,0.079739181845188,0.7402622484823951,3.428688236628659,4.968521626479924,31.102011617846074,24.319198062940927,32.44304910895826,34.410201064848735,833.0153721630728,1023.3984375,756.68359375,1.0,256,deepseek-ai-DeepSeek-R1-Distill-Qwen-14B_1024_512
41,1024,512,1024_512_14B_1,0.07929078997834257,0.08670688832702599,0.14097509471007447,1.0760479026630492,5.727390994667076,7.507565118465566,37.63407553210709,20.27083071924406,25.15647125935166,27.94806813926212,721.1068854718748,1023.66015625,769.12890625,1.0,256,deepseek-ai-DeepSeek-R1-Distill-Qwen-14B_1024_512
42,1024,512,1024_512_14B_1,0.07932228044491188,0.08642135386803933,0.12470616243288224,1.1574417758492928,5.707010406535119,7.923209270718507,38.342286265889925,20.6750185697265,26.05584450507286,27.266369203818616,751.459576886648,1023.75,796.37890625,1.0,256,deepseek-ai-DeepSeek-R1-Distill-Qwen-14B_1024_512
42,1024,512,1024_512_14B_2,0.06455077438736415,0.0715262511576816,0.10205069077496612,0.7614135207222716,3.471643357886933,4.549291776516467,31.02133342083289,23.58413768569116,32.859612827131386,35.06479000957507,828.6952579005067,1023.72265625,732.62890625,1.0,256,deepseek-ai-DeepSeek-R1-Distill-Qwen-14B_1024_512
43,1024,512,1024_512_14B_2,0.0635837483825947,0.07007210128435121,0.07902658589407313,0.8098527379497682,3.4421394721139222,4.80015129731036,31.478551581654756,23.93350677549664,31.713988696616802,33.30071649089607,866.4916513835675,1023.859375,753.08984375,1.0,256,deepseek-ai-DeepSeek-R1-Distill-Qwen-14B_1024_512
43,1024,512,1024_512_14B_1,0.08127848724540464,0.08792445526866,0.16301231073158018,1.1926728522266785,6.339447394828312,7.8568739067064595,39.113333010067436,19.84806979939339,25.64380720591581,26.364868485524436,740.5369976396743,1023.703125,781.8984375,1.0,256,deepseek-ai-DeepSeek-R1-Distill-Qwen-14B_1024_512
44,1024,512,1024_512_14B_1,0.08079297033392435,0.08852750975754597,0.1442319366276346,1.2283590737806662,6.317590601858683,8.086917206970968,39.224434000598194,20.425873934397845,25.803817482756024,27.420917586224252,768.9962351301251,1023.84765625,803.078125,1.0,256,deepseek-ai-DeepSeek-R1-Distill-Qwen-14B_1024_512
44,1024,512,1024_512_14B_2,0.06682902802230875,0.07625078176445879,0.10449078221358739,0.7765706043373939,3.5300160222686827,4.334902093512937,32.85393371493592,23.924928780164684,32.295136863361314,34.92353203746752,865.453272740672,1023.69921875,784.73046875,1.0,256,deepseek-ai-DeepSeek-R1-Distill-Qwen-14B_1024_512
45,1024,512,1024_512_14B_2,0.06698270013684901,0.07423382947870681,0.0773746817215578,0.8250335872871801,3.6697425596648827,5.03316451269202,33.4658904339376,23.2643123505173,30.75818960514241,33.0767793688197,860.777716812144,1023.875,774.4140625,1.0,256,deepseek-ai-DeepSeek-R1-Distill-Qwen-14B_1024_512
45,1024,512,1024_512_14B_1,0.08488349663090478,0.09280420743184087,0.19229802977746033,1.2543745461061917,6.3541235639713705,8.542914612614549,39.61763827914183,19.604071582364615,24.990658177204395,25.693834769325473,750.7532323388047,1023.58203125,786.1875,1.0,256,deepseek-ai-DeepSeek-R1-Distill-Qwen-14B_1024_512
46,1024,512,1024_512_14B_1,0.08467524455053767,0.09371069535516746,0.1827520720198171,1.2814569363090413,6.5325159832136706,8.603633782151155,40.25261632753245,19.437485527064283,24.30074179409695,26.34966238856781,748.0944050902707,1023.4765625,786.078125,1.0,256,deepseek-ai-DeepSeek-R1-Distill-Qwen-14B_1024_512
46,1024,512,1024_512_14B_2,0.06668011331690021,0.07394464016732309,0.0842857580374944,0.8298034483050287,3.4478138744598255,4.555119540938171,32.56808931944579,23.409307469993795,32.64207199837729,36.48477161514285,871.2824354484719,1023.58203125,757.765625,1.0,256,deepseek-ai-DeepSeek-R1-Distill-Qwen-14B_1024_512
47,1024,512,1024_512_14B_2,0.0669218668937803,0.07470843440101171,0.08747436917536551,0.8709291772702272,3.675994043936953,5.7516827394254495,33.15784682838057,24.03312312997513,30.727511461819425,32.157420467946885,907.3688861257818,1023.56640625,794.89453125,1.0,256,deepseek-ai-DeepSeek-R1-Distill-Qwen-14B_1024_512
47,1024,512,1024_512_14B_1,0.08496787028819128,0.09370985977870812,0.13604229971723028,1.3653717406486976,7.079127751640044,8.623980054236018,41.18881606519062,19.650996764860786,24.41335223247441,27.519597786393895,767.6284247433281,1023.40625,813.015625,1.0,256,deepseek-ai-DeepSeek-R1-Distill-Qwen-14B_1024_512
48,1024,512,1024_512_14B_2,0.06923786897974848,0.08138945096434252,0.12458727724415719,0.8433233696960087,4.040336964302696,4.84939464351628,32.274198177896324,22.73331330038299,29.27035598465248,30.561795329226573,913.5410444754528,1023.62109375,744.84375,1.0,256,deepseek-ai-DeepSeek-R1-Distill-Qwen-14B_1024_512
48,1024,512,1024_512_14B_1,0.0873764185525387,0.09483854883679994,0.22507222030493976,1.3974608193220774,6.966377193806693,9.034629749832675,41.32081414987624,18.929926632512945,24.31619321362913,25.481405740921872,749.9078907123862,1023.9453125,788.72265625,1.0,256,deepseek-ai-DeepSeek-R1-Distill-Qwen-14B_1024_512
49,1024,512,1024_512_14B_2,0.07050747717261538,0.07824961888716998,0.10737935709309286,0.8920300524659979,4.076178778661415,4.822276558098383,34.260611152063575,21.397053908304386,29.44760898114265,33.90075536302605,854.0931601431488,1023.80078125,731.87890625,1.0,256,deepseek-ai-DeepSeek-R1-Distill-Qwen-14B_1024_512
49,1024,512,1024_512_14B_1,0.09080976900728929,0.09990798492565345,0.16046515869808567,1.4311158031832747,7.069824308040552,9.29460196213331,44.4098823925724,17.46536959652375,22.490874180187642,24.741163318143116,716.0184419856703,1023.734375,776.42578125,1.0,256,deepseek-ai-DeepSeek-R1-Distill-Qwen-14B_1024_512
50,1024,512,1024_512_14B_1,0.09347124472285036,0.10148801627948922,0.15238649757665562,1.4804293099150527,7.248616925091483,9.311783244856633,45.15762179467856,17.78152596545156,23.609012677295844,25.208306599350436,747.5766413707306,1023.76171875,803.0,1.0,256,deepseek-ai-DeepSeek-R1-Distill-Qwen-14B_1024_512
50,1024,512,1024_512_14B_2,0.0713340073244915,0.08143454532837496,0.10187599417652568,0.9554701001125068,4.279598000226542,6.096443004929454,34.758529333541446,22.176522164127434,28.979314396086863,30.763287530862748,918.5254094964001,1023.80859375,772.1640625,1.0,256,deepseek-ai-DeepSeek-R1-Distill-Qwen-14B_1024_512
51,1024,512,1024_512_14B_2,0.07203569017318046,0.07938624721638299,0.11083530649517737,0.9637170193727798,4.351779645541683,5.23343929501716,34.95266880329109,21.28674550025785,28.466176638859206,31.56664137323099,896.3788514476372,1023.64453125,747.1328125,1.0,256,deepseek-ai-DeepSeek-R1-Distill-Qwen-14B_1024_512
51,1024,512,1024_512_14B_1,0.09341153216622222,0.10363067006642798,0.1657552918419532,1.5081231927451881,7.852864385349676,9.356970380898565,45.69671541184107,17.819001750851278,22.52665993087965,24.22273395695101,766.4307827081973,1023.859375,812.703125,1.0,256,deepseek-ai-DeepSeek-R1-Distill-Qwen-14B_1024_512
52,1024,512,1024_512_14B_1,0.09308833807120684,0.10319587331071778,0.11288768130976891,1.5534269472009328,7.809387602028437,9.501772821950722,46.25383357607825,17.435474514372203,21.635656539711142,22.540036772686847,759.1359104351691,1023.8984375,803.7109375,1.0,256,deepseek-ai-DeepSeek-R1-Distill-Qwen-14B_1024_512
52,1024,512,1024_512_14B_2,0.0710360232325546,0.08321494788730105,0.08484292000405745,0.997588777097917,4.17757019191049,5.694075117190368,35.37094139343026,21.34863577846845,29.115231476739446,31.252589956384362,898.7433637616515,1023.7265625,754.1953125,1.0,256,deepseek-ai-DeepSeek-R1-Distill-Qwen-14B_1024_512
53,1024,512,1024_512_14B_2,0.07394619228819996,0.08292267322487691,0.12035632554737709,0.9990249129332369,4.251217080745846,5.756275495886802,35.79510316827327,21.12778522525044,28.29954871524488,30.245889623575355,916.0811202156115,1023.70703125,756.78125,1.0,256,deepseek-ai-DeepSeek-R1-Distill-Qwen-14B_1024_512
53,1024,512,1024_512_14B_1,0.09557490342560229,0.10432714247599356,0.17630521764470075,1.6332402640837245,7.862034049932845,10.03968931955751,46.199640672846726,16.401729686861003,21.726416920017346,23.33757505547406,723.4179503551316,1023.734375,757.97265625,1.0,256,deepseek-ai-DeepSeek-R1-Distill-Qwen-14B_1024_512
54,1024,512,1024_512_14B_1,0.09801076905921331,0.10642367455925009,0.21559529156450144,1.6414953128751222,7.983994191046804,10.035264700790867,47.00811643848283,16.775390155967912,21.411456959825813,22.507919079774066,756.5584133014173,1023.890625,792.02734375,1.0,256,deepseek-ai-DeepSeek-R1-Distill-Qwen-14B_1024_512
54,1024,512,1024_512_14B_2,0.07550685866400149,0.08199668193634399,0.1645018964516543,1.046328506728969,4.133705961168744,5.230434388131834,35.31939796503502,20.625180847582655,27.829159512343725,31.12685356329471,888.705649654518,1023.734375,734.84375,1.0,256,deepseek-ai-DeepSeek-R1-Distill-Qwen-14B_1024_512
55,1024,512,1024_512_14B_2,0.07404021259920485,0.08435396127023653,0.09492120730930835,1.009680910159659,4.260412065661512,5.883470019907685,36.910099979735605,21.01100791524282,27.686618320601987,28.981554454593017,915.5328577031612,1023.90625,771.3828125,1.0,256,deepseek-ai-DeepSeek-R1-Distill-Qwen-14B_1024_512
55,1024,512,1024_512_14B_1,0.09807433596644423,0.10706175290079278,0.248891385957629,1.6911816773208557,8.193212047801353,10.26960297706537,47.36075259155041,16.527770765059067,21.34907505168495,22.50854875899515,755.9255999201984,1023.66796875,787.203125,1.0,256,deepseek-ai-DeepSeek-R1-Distill-Qwen-14B_1024_512
56,1024,512,1024_512_14B_2,0.07594448524367203,0.0853544451843597,0.095432042116993,1.1131619429634156,4.590702194604091,5.762222652765922,37.87711498237877,20.713370807139164,28.070613029800015,29.777061637878454,912.7528891554205,1023.90234375,779.1796875,1.0,256,deepseek-ai-DeepSeek-R1-Distill-Qwen-14B_1024_512
56,1024,512,1024_512_14B_1,0.09734702396419004,0.10821940135603264,0.12400351233166353,1.737356050280141,8.617448203964159,10.370959602808574,48.125221828797294,16.6476483000123,21.03729609627352,21.859595543675113,767.5190764648831,1023.82421875,802.0859375,1.0,256,deepseek-ai-DeepSeek-R1-Distill-Qwen-14B_1024_512
57,1024,512,1024_512_14B_2,0.07411021471170876,0.08131343377604203,0.11780238795992123,1.0933138641903497,4.919389033690095,5.606783397472463,35.70167434366522,20.880824248868535,27.94885121138043,29.248375831715773,912.007421100826,1023.20703125,747.4375,1.0,256,deepseek-ai-DeepSeek-R1-Distill-Qwen-14B_1024_512
57,1024,512,1024_512_14B_1,0.10023335331114763,0.10957341454567951,0.2143614167610011,1.7849911711819004,8.611623116070405,10.761753297876565,48.475520188010705,15.95754638596483,21.22471228789453,23.10552330082577,739.7021546897427,1023.3984375,777.4296875,1.0,256,deepseek-ai-DeepSeek-R1-Distill-Qwen-14B_1024_512
58,1024,512,1024_512_14B_1,0.09937085927049377,0.11040417066561131,0.13555452035386312,1.8459787174469966,8.76826042344328,10.80832570369821,49.08319672912148,16.324721708125594,20.955910677194076,21.66029334434333,761.1207482361011,1023.48828125,798.43359375,1.0,256,deepseek-ai-DeepSeek-R1-Distill-Qwen-14B_1024_512
58,1024,512,1024_512_14B_2,0.07595183407481002,0.0824618685375031,0.1128008219781765,1.127687266221983,5.006493599736132,6.023536901781335,37.418294008646626,19.423847220890252,27.331705315232796,28.985717322806252,863.0558728052522,1023.4609375,724.2109375,1.0,256,deepseek-ai-DeepSeek-R1-Distill-Qwen-14B_1024_512
59,1024,512,1024_512_14B_2,0.08104761886293668,0.0893910414702212,0.16252351360685854,1.112558698916473,4.853713822667487,5.856072692503215,37.259926897486366,19.036624072707916,26.123137394408012,28.282112275475146,894.133583374085,1023.40234375,716.2890625,1.0,256,deepseek-ai-DeepSeek-R1-Distill-Qwen-14B_1024_512
59,1024,512,1024_512_14B_1,0.10241641346482469,0.11249336249649974,0.1970608818641626,1.8638772205795249,9.313833735650405,10.842540396307594,49.35960088212414,15.930411027092216,20.454468018448924,22.321113237575712,751.8903035139131,1023.60546875,787.40625,1.0,256,deepseek-ai-DeepSeek-R1-Distill-Qwen-14B_1024_512
60,1024,512,1024_512_14B_1,0.10116043973408095,0.11370898365887705,0.14577640477864692,1.9238904112844466,9.326914566918276,11.115781899564894,50.13892009613119,15.477958239855614,20.331882197162653,21.38072079024565,736.0341762793614,1023.6171875,772.78515625,1.0,256,deepseek-ai-DeepSeek-R1-Distill-Qwen-14B_1024_512
60,1024,512,1024_512_14B_2,0.07948008100244502,0.08806917551142522,0.10535442629122946,1.1764475493455393,5.011616597650573,5.885025448841042,38.82462938667413,19.5307376386775,26.005549548099232,27.897933898663517,900.7654740175516,1023.8828125,760.67578125,1.0,256,deepseek-ai-DeepSeek-R1-Distill-Qwen-14B_1024_512
61,1024,512,1024_512_14B_2,0.08182385716267337,0.08994039990834993,0.11770887603988925,1.1502977004784043,4.956561485421844,6.407146222959272,40.41805628394832,18.82698566579869,25.700394513342694,27.41238512658089,884.7457263636402,1023.859375,761.10546875,1.0,256,deepseek-ai-DeepSeek-R1-Distill-Qwen-14B_1024_512
61,1024,512,1024_512_14B_1,0.10343160988479051,0.11516071599014478,0.17432982664388458,1.971013895890792,9.459049535915256,11.25998814471531,50.42272089198377,15.308294034261843,19.792539155130562,20.90925505539906,749.7336521133561,1023.85546875,773.06640625,1.0,256,deepseek-ai-DeepSeek-R1-Distill-Qwen-14B_1024_512
62,1024,512,1024_512_14B_1,0.10615254802596405,0.11686097759460874,0.2776268268039167,2.0038351711191353,9.479424979304895,11.698382121813484,50.80141914209162,15.178801910793542,19.76035111459019,20.701561577520387,766.0104428353253,1023.71875,774.328125,1.0,256,deepseek-ai-DeepSeek-R1-Distill-Qwen-14B_1024_512
62,1024,512,1024_512_14B_2,0.08179990717618937,0.0917297398001167,0.12166747982610648,1.20388584570901,4.978451052098535,6.555643897340633,39.17478039401976,19.6255747718528,26.922380889283197,27.836378464782506,961.4374812152857,1023.75,765.1875,1.0,256,deepseek-ai-DeepSeek-R1-Distill-Qwen-14B_1024_512
63,1024,512,1024_512_14B_1,0.10528359282487869,0.11740625429420856,0.15031191043871944,2.0627796774897433,10.046510073007084,11.562985121947714,51.31489707964829,15.385750180802848,19.649591763665125,20.838576480364914,788.7544227910444,1023.5546875,790.50390625,1.0,256,deepseek-ai-DeepSeek-R1-Distill-Qwen-14B_1024_512
63,1024,512,1024_512_14B_2,0.08151836851775304,0.08842881662738336,0.12744335121061,1.2112461477336183,5.059897084836848,6.025765421893446,39.58459432690506,18.488706646437223,24.927910181749414,26.591100434849814,927.806771361965,1023.71875,733.375,1.0,256,deepseek-ai-DeepSeek-R1-Distill-Qwen-14B_1024_512
64,1024,512,1024_512_14B_2,0.08199232589756905,0.09175239531095795,0.09748534299557875,1.2827546302432893,5.673649335280061,6.389387259748763,40.49884236824619,18.419195484884582,25.473590368461657,27.19402228711572,928.2626996203309,1023.80078125,744.3984375,1.0,256,deepseek-ai-DeepSeek-R1-Distill-Qwen-14B_1024_512
64,1024,512,1024_512_14B_1,0.10721980970364886,0.11823562780538449,0.21898238595412708,2.1482466745255806,10.143043804215267,11.846058058086777,52.10757025279963,15.13915554955322,19.86966862311155,21.693224147757636,790.3661932195856,1023.78515625,791.5703125,1.0,256,deepseek-ai-DeepSeek-R1-Distill-Qwen-14B_1024_512
65,1024,512,1024_512_14B_2,0.08374314167548241,0.0965109412335679,0.10056530548565866,1.3135238546929031,5.703603137284517,7.892818510555662,42.151752383893836,18.94723665625907,25.979920926072722,28.150392063080933,953.8061419220444,1023.6875,790.359375,1.0,256,deepseek-ai-DeepSeek-R1-Distill-Qwen-14B_1024_512
65,1024,512,1024_512_14B_1,0.14410093187295778,0.15885777184525202,0.18527262124252197,2.1629070741801115,10.193570562521927,11.96897206816356,70.8727065998828,11.12723552971999,14.285152169711804,15.195412619378173,604.8685679549216,1023.75,787.9765625,1.0,256,deepseek-ai-DeepSeek-R1-Distill-Qwen-14B_1024_512
66,1024,512,1024_512_14B_1,0.1443860245742385,0.15959744385420765,0.16270558637276106,2.256429889030187,10.22606708377134,12.240360870561561,72.77909188945341,10.66763112677042,14.12225611395708,15.258460665032262,585.7868185478695,1024.00390625,772.65625,1.0,256,deepseek-ai-DeepSeek-R1-Distill-Qwen-14B_1024_512
66,1024,512,1024_512_14B_2,0.08634688799026034,0.09550246863429984,0.13550497716252297,1.332282866595051,5.665126917185262,6.42073043975979,41.25457270605875,18.471837955925594,23.6060417184936,24.48740172058799,961.3446038556654,1023.875,767.90625,1.0,256,deepseek-ai-DeepSeek-R1-Distill-Qwen-14B_1024_512
67,1024,512,1024_512_14B_2,0.08505363160652156,0.09684987747262487,0.10299244660150851,1.352445098265889,5.83081034978386,7.363763023121282,42.52279045089381,17.590393739678355,25.20836937768909,26.581180061507485,913.3251590516327,1023.9296875,740.6953125,1.0,256,deepseek-ai-DeepSeek-R1-Distill-Qwen-14B_1024_512
67,1024,512,1024_512_14B_1,0.14846139356966737,0.1622495388493584,0.20580364007894292,2.2679077342891105,10.42245553911198,12.473516506445595,72.66028261445899,10.8469185267384,13.721902231253514,14.520033486788492,599.2956550459381,1023.71875,788.28125,1.0,256,deepseek-ai-DeepSeek-R1-Distill-Qwen-14B_1024_512
68,1024,512,1024_512_14B_2,0.08804422968756556,0.10412837520779177,0.11222993179505572,1.4157206586187385,6.531713706208393,8.824748623231425,43.262887305409095,18.13549270501457,25.654150909949323,27.222197151007155,945.1434879590029,1024.015625,772.1015625,1.0,256,deepseek-ai-DeepSeek-R1-Distill-Qwen-14B_1024_512
68,1024,512,1024_512_14B_1,0.1477808890083292,0.16299665361113608,0.2188770986811268,2.38098238758721,10.8199948084075,12.60919692134484,73.1874831419318,10.778490229965143,13.737483447699047,14.812238515525546,602.7679995559735,1023.765625,787.828125,1.0,256,deepseek-ai-DeepSeek-R1-Distill-Qwen-14B_1024_512
69,1024,512,1024_512_14B_1,0.14843769984587674,0.16333476622598747,0.16686717072020812,2.4649924785135227,10.867296835058369,13.097252586344258,74.27224426433713,10.681111011359963,13.74230541547458,15.065030393258374,601.9524530872682,1023.7265625,788.99609375,1.0,256,deepseek-ai-DeepSeek-R1-Distill-Qwen-14B_1024_512
69,1024,512,1024_512_14B_2,0.087484740783032,0.09864908087959075,0.1295361962502018,1.3972206806629401,5.883086588932201,6.7990959082730065,43.00858406213774,17.348983173967632,23.797855308320898,25.938914961983404,919.2155087777769,1023.73046875,741.76953125,1.0,256,deepseek-ai-DeepSeek-R1-Distill-Qwen-14B_1024_512
70,1024,512,1024_512_14B_1,0.15182463539590263,0.16684911761930357,0.253344042034206,2.4522305478512862,11.054092454724014,13.10809008416254,73.96832392567558,10.545298710368343,13.31449749781073,14.386383502517873,597.3362137655912,1023.91796875,781.23046875,1.0,256,deepseek-ai-DeepSeek-R1-Distill-Qwen-14B_1024_512
70,1024,512,1024_512_14B_2,0.09026528900599334,0.10033433337991413,0.1595337375326032,1.4513702229978662,5.714674287242815,7.211569736315868,43.89542465810882,16.671444914029507,23.53360315465042,25.173495930927846,892.4424058719478,1023.93359375,730.80859375,1.0,256,deepseek-ai-DeepSeek-R1-Distill-Qwen-14B_1024_512
71,1024,512,1024_512_14B_1,0.15219005979804912,0.16663351785578742,0.20165827484913065,2.533956104036406,11.659826341201551,13.18412331137806,74.71448231172144,10.568360021172186,13.346908321098187,13.892204384272702,602.149489621613,1023.35546875,789.97265625,1.0,256,deepseek-ai-DeepSeek-R1-Distill-Qwen-14B_1024_512
71,1024,512,1024_512_14B_2,0.09050535882874283,0.10251056887467327,0.13327274658382035,1.4575272957008565,5.923888874589466,7.1614976668031884,43.44592397746055,16.494977450614776,24.652363800060105,25.87321717889522,860.6588090935757,1023.640625,705.546875,1.0,256,deepseek-ai-DeepSeek-R1-Distill-Qwen-14B_1024_512
72,1024,512,1024_512_14B_1,0.15404693483271437,0.16964966994950664,0.21199081542112574,2.5612383364095876,11.5060772029683,13.242446687375189,74.8511363359994,10.34384112450081,13.49011599541066,14.004258450529123,593.9617234424069,1023.6875,774.734375,1.0,256,deepseek-ai-DeepSeek-R1-Distill-Qwen-14B_1024_512
72,1024,512,1024_512_14B_2,0.09072530687986102,0.09876288689803063,0.12394103925533304,1.5046546248013328,5.872439927654341,7.480376267898823,44.489916367370824,16.375202817388875,22.428220993472408,23.176135665763333,891.7966747278559,1023.484375,727.94921875,1.0,256,deepseek-ai-DeepSeek-R1-Distill-Qwen-14B_1024_512
73,1024,512,1024_512_14B_2,0.09085533699765472,0.0990784460549492,0.11409656002132731,1.5528412553776434,6.3737815415952355,7.169170584972016,44.727029858162496,16.41094230905326,22.290469172883032,24.636304188080455,899.0595797234193,1023.79296875,733.44140625,1.0,256,deepseek-ai-DeepSeek-R1-Distill-Qwen-14B_1024_512
73,1024,512,1024_512_14B_1,0.15574170635313017,0.17116303979343736,0.25470827284291525,2.624412020064483,11.580452167778276,13.732245683483779,75.79408173070806,10.21807155003421,13.233152618395644,13.942854851664213,590.9980150800462,1023.65234375,773.15234375,1.0,256,deepseek-ai-DeepSeek-R1-Distill-Qwen-14B_1024_512
74,1024,512,1024_512_14B_2,0.09495539238955758,0.10755206363324747,0.1427207288504603,1.475255927478429,6.2560793741140515,7.864879307430238,46.361885239139156,16.506935802464184,21.595829998663305,22.765260988073027,909.2694672702386,1023.890625,763.8515625,1.0,256,deepseek-ai-DeepSeek-R1-Distill-Qwen-14B_1024_512
74,1024,512,1024_512_14B_1,0.15648558162537185,0.17103578750896054,0.2510395435118377,2.6792449663062143,11.809049340314232,13.867811769037507,76.6721315115119,10.404725800709503,13.225833153657579,14.03264533909096,609.3251868742201,1023.625,798.453125,1.0,256,deepseek-ai-DeepSeek-R1-Distill-Qwen-14B_1024_512
75,1024,512,1024_512_14B_1,0.15884841962696597,0.17316273821149225,0.26059497970899703,2.75813431118695,12.3398124743253,13.799760187068022,76.91056608769577,10.041493484006134,12.998191470337764,13.776711922782955,589.5543539083171,1023.7578125,775.1640625,1.0,256,deepseek-ai-DeepSeek-R1-Distill-Qwen-14B_1024_512
75,1024,512,1024_512_14B_2,0.09220129255291484,0.10582466738134653,0.12747386687255272,1.5826007046143786,6.410078307846561,7.151604973617941,45.83954187238851,16.171240532598606,22.77975901098481,24.03899654875824,901.2553598073081,1024.10546875,737.546875,1.0,256,deepseek-ai-DeepSeek-R1-Distill-Qwen-14B_1024_512
76,1024,512,1024_512_14B_1,0.1557354069161526,0.1715684508552207,0.18471408545145399,2.823445622201689,12.43767061282415,14.165131326322438,77.49243573211425,10.064886056849081,12.956703521722803,13.904628401898615,593.9093887916111,1023.48046875,776.20703125,1.0,256,deepseek-ai-DeepSeek-R1-Distill-Qwen-14B_1024_512
76,1024,512,1024_512_14B_2,0.0976140202977526,0.11126850168589462,0.15372319024405626,1.6334234318856033,6.474294881802052,8.194875928526738,47.75396933725824,15.627807153972757,21.69471697996968,23.00826362150758,886.4190848532332,1023.85546875,747.1015625,1.0,256,deepseek-ai-DeepSeek-R1-Distill-Qwen-14B_1024_512
77,1024,512,1024_512_14B_1,0.1582379234406562,0.17339070002063967,0.22944246185112763,2.9115230664319824,12.317696018260904,14.397736270679161,78.03574576554274,9.927500968799752,13.159982321061536,13.978127217542955,592.6323708926044,1023.40234375,773.078125,1.0,256,deepseek-ai-DeepSeek-R1-Distill-Qwen-14B_1024_512
77,1024,512,1024_512_14B_2,0.09856742996222334,0.10984235261820663,0.16510733801405855,1.6149453645757603,6.422244383371435,8.167711945343756,47.86991955344274,15.047656356071094,21.71517971865881,23.294831927604925,856.4833863391733,1023.546875,719.2109375,1.0,256,deepseek-ai-DeepSeek-R1-Distill-Qwen-14B_1024_512
78,1024,512,1024_512_14B_2,0.0970107701466848,0.11359493537430933,0.12217057421875531,1.6762777680633008,7.175522935925983,8.670056057046168,47.408928609842405,15.871980605319653,20.94324717132236,23.08615555231814,911.4551440406162,1023.9140625,746.55078125,1.0,256,deepseek-ai-DeepSeek-R1-Distill-Qwen-14B_1024_512
78,1024,512,1024_512_14B_1,0.16234982372188375,0.17508063187613554,0.4042045664488491,2.9327749726780894,12.502550489734858,14.662832312658429,78.00148587925469,9.795144073336505,13.068762231882534,14.283229877835495,585.2845556075806,1023.4375,764.63671875,1.0,256,deepseek-ai-DeepSeek-R1-Distill-Qwen-14B_1024_512
79,1024,512,1024_512_14B_2,0.09795006502788896,0.10779479991341356,0.12018647138943621,1.6856549059775716,6.6054017337737605,7.80305227919016,48.4914461022272,15.773895868866642,21.599342047071232,22.25555196597767,912.5365432188632,1023.734375,762.3125,1.0,256,deepseek-ai-DeepSeek-R1-Distill-Qwen-14B_1024_512
79,1024,512,1024_512_14B_1,0.1608739118270075,0.17678936538868456,0.21461719529126663,3.0065916635703616,13.171063076588325,14.637613184237853,79.52845761163553,9.836976601402998,12.755959914296934,13.356508852756695,593.1594796502814,1023.6640625,780.05859375,1.0,256,deepseek-ai-DeepSeek-R1-Distill-Qwen-14B_1024_512
80,1024,512,1024_512_14B_2,0.09952510523970758,0.11021465419845122,0.1898938427507095,1.7182109217301331,6.976933183497749,7.66190536073409,47.24863490349162,15.464732893212755,22.20955511556452,23.521859820242405,924.4325214589808,1023.51953125,727.40625,1.0,256,deepseek-ai-DeepSeek-R1-Distill-Qwen-14B_1024_512
80,1024,512,1024_512_14B_1,0.16846658650721058,0.19884498720400653,0.402294468890982,3.045335333525145,13.159412957029417,14.64036218849942,77.49367020212412,8.92232129613748,12.333033777537015,13.30791496711866,551.8634916409967,1023.72265625,698.3125,1.0,256,deepseek-ai-DeepSeek-R1-Distill-Qwen-14B_1024_512
81,1024,512,1024_512_14B_2,0.09980975372595793,0.10880826131288904,0.195092716373296,1.8072131539483962,6.865464509115554,8.766123162047005,48.01339959784127,15.215551725819633,20.70939104894867,22.506649595810703,916.3314639753947,1023.80859375,736.41796875,1.0,256,deepseek-ai-DeepSeek-R1-Distill-Qwen-14B_1024_512
81,1024,512,1024_512_14B_1,0.16273805449268758,0.17855474656085848,0.24472714052492966,3.1238189247560513,13.079830105882138,15.244721803534777,80.34218088967464,9.624283162569363,12.511670350931173,13.207539435151856,582.4824120562328,1023.64453125,769.48046875,1.0,256,deepseek-ai-DeepSeek-R1-Distill-Qwen-14B_1024_512
82,1024,512,1024_512_14B_1,0.16404044504521895,0.18145024236352045,0.2720534716242666,3.2086821901739313,13.24901732802391,15.408839103369974,80.44195837410552,9.548629554207913,12.751511826487015,13.37380726936716,590.1838894593584,1023.734375,767.87890625,1.0,256,deepseek-ai-DeepSeek-R1-Distill-Qwen-14B_1024_512
82,1024,512,1024_512_14B_2,0.09901756024473751,0.11321213155600676,0.17370085142785668,1.717897340786294,6.99650537292473,8.51848174065817,47.61157140397518,15.583164018751056,22.251135784539784,23.75678978753784,959.4535103448818,1023.765625,741.65625,1.0,256,deepseek-ai-DeepSeek-R1-Distill-Qwen-14B_1024_512
83,1024,512,1024_512_14B_2,0.09957985828263692,0.11469418724236635,0.12628346845223432,1.8312498036211764,7.147957939188927,8.558006609440781,48.987142390948065,14.544182027950065,20.59935717455086,22.216827773567818,915.0438338332364,1023.67578125,706.71875,1.0,256,deepseek-ai-DeepSeek-R1-Distill-Qwen-14B_1024_512
83,1024,512,1024_512_14B_1,0.16369205396920447,0.1798428544793629,0.18422700485408922,3.2631845556206827,13.765074992668815,15.227433225908317,82.21139760588085,9.401508683821792,12.498385728922457,13.323765460422432,583.5545121035481,1023.5546875,768.515625,1.0,256,deepseek-ai-DeepSeek-R1-Distill-Qwen-14B_1024_512
84,1024,512,1024_512_14B_1,0.16532116131232982,0.18240804452392553,0.2689404132780171,3.3293039891432272,13.780775591847487,15.568610766855993,80.92410444902089,9.636465565675163,12.629942734998853,13.500679642242092,609.9915444550852,1023.64453125,772.09765625,1.0,256,deepseek-ai-DeepSeek-R1-Distill-Qwen-14B_1024_512
84,1024,512,1024_512_14B_2,0.10099805324749714,0.11097604200497072,0.1930297523940272,1.8875922197694308,7.1758873601211235,8.58503380829934,49.464671664041816,14.528118328037941,20.519365756242994,22.372791092936165,916.4206872416311,1023.54296875,716.73828125,1.0,256,deepseek-ai-DeepSeek-R1-Distill-Qwen-14B_1024_512
85,1024,512,1024_512_14B_2,0.10364822784142821,0.11614799487175442,0.13971245342099986,1.842090348724014,7.144549012067728,9.176208185614085,51.23039800482002,15.09513704668852,19.563712881414236,20.823947115831842,975.2762835729318,1023.734375,774.9296875,1.0,256,deepseek-ai-DeepSeek-R1-Distill-Qwen-14B_1024_512
85,1024,512,1024_512_14B_1,0.16810801322443086,0.18392140288674774,0.26097986239713034,3.4094902368415205,13.958839240018278,15.708257333259091,82.74490703340962,9.36609272060641,12.409436591787266,13.204372017310261,610.761907199986,1023.6796875,774.50390625,1.0,256,deepseek-ai-DeepSeek-R1-Distill-Qwen-14B_1024_512
86,1024,512,1024_512_14B_1,0.1697500334351662,0.18771815185248159,0.2638275916605529,3.4453227784197225,13.935333622153848,15.943340222816914,83.1744066173942,8.570304854393871,11.953194805283962,12.719563077074843,559.8292439181766,1023.8671875,712.65234375,1.0,256,deepseek-ai-DeepSeek-R1-Distill-Qwen-14B_1024_512
86,1024,512,1024_512_14B_2,0.10188503346458869,0.11403920778180465,0.18033772293322975,1.8797527746955893,7.064902056707069,8.437421602150424,48.98635874883257,14.608670495205395,20.07059686999199,21.339727754449257,946.0674813488431,1023.859375,720.734375,1.0,256,deepseek-ai-DeepSeek-R1-Distill-Qwen-14B_1024_512
87,1024,512,1024_512_14B_2,0.10570581325072773,0.11746574991074041,0.20824881462973754,1.9824329765706352,7.554344536503777,8.459280190756544,50.747366279414564,14.53155106995383,19.98097355573185,21.22110941390596,939.3716163655143,1023.8125,733.71484375,1.0,256,deepseek-ai-DeepSeek-R1-Distill-Qwen-14B_1024_512
87,1024,512,1024_512_14B_1,0.17197245289388055,0.187970479154078,0.31888074048327675,3.5150872758986225,14.454798189923167,15.956715826969594,83.01793653209825,9.156058739580427,12.406078663525363,13.334164191136217,600.6641503511962,1023.65625,761.02734375,1.0,256,deepseek-ai-DeepSeek-R1-Distill-Qwen-14B_1024_512
88,1024,512,1024_512_14B_1,0.16999740345845699,0.18777898979557042,0.24799936946556217,3.614089340579085,14.568878688500263,16.34056019787676,84.27989734618677,9.314191733678673,12.432405521904125,13.031513232620838,612.344259137951,1023.79296875,779.46875,1.0,256,deepseek-ai-DeepSeek-R1-Distill-Qwen-14B_1024_512
88,1024,512,1024_512_14B_2,0.10367139906569903,0.11642483730021798,0.15169231032894304,2.0360448456449376,7.914667152566835,8.675597485946492,49.95910044969787,14.665005486791275,19.92725024063338,20.99494029852293,955.115522286254,1023.96484375,734.58984375,1.0,256,deepseek-ai-DeepSeek-R1-Distill-Qwen-14B_1024_512
89,1024,512,1024_512_14B_2,0.10548120030297431,0.11421909958661669,0.21048523721341875,2.04352986770391,7.594413739978336,9.399229493550955,50.982302110514865,13.947953105504808,18.94405386675459,19.67585329693336,918.9201005036858,1023.74609375,714.6640625,1.0,256,deepseek-ai-DeepSeek-R1-Distill-Qwen-14B_1024_512
89,1024,512,1024_512_14B_1,0.17450491399313262,0.19114786227215616,0.3391663654252778,3.645632134986954,14.481154778273776,16.695220033917575,84.41509268480695,8.702891401949557,12.012022719440765,12.664380549973425,598.5132567500527,1023.921875,735.0078125,1.0,256,deepseek-ai-DeepSeek-R1-Distill-Qwen-14B_1024_512
90,1024,512,1024_512_14B_1,0.17353246937358485,0.19134267983922784,0.3346254288111554,3.769563208832551,14.599581718095578,16.655491893016734,84.51529186268999,8.884809335144947,12.099949281430112,12.954317936704017,595.5018691741332,1023.8125,752.390625,1.0,256,deepseek-ai-DeepSeek-R1-Distill-Qwen-14B_1024_512
90,1024,512,1024_512_14B_2,0.10438637736210801,0.11686444923847562,0.12035622681954342,2.0669478071376943,7.658177996054292,9.261237484426237,52.49557665562861,14.40566976627202,20.129639202606064,21.680648585888388,951.7280103997215,1023.77734375,750.9765625,1.0,256,deepseek-ai-DeepSeek-R1-Distill-Qwen-14B_1024_512
91,1024,512,1024_512_14B_1,0.1732864048664941,0.19200431080596464,0.2836431246760497,3.827224680355357,15.203757504117675,16.697728841169738,84.2353861939664,9.044137079673709,12.242052283656966,13.121848195598146,630.9227734475069,1023.67578125,759.40234375,1.0,256,deepseek-ai-DeepSeek-R1-Distill-Qwen-14B_1024_512
91,1024,512,1024_512_14B_2,0.10771855161497727,0.11840653504234316,0.20013201882532042,2.040834293444277,7.837924694293179,8.66606555765029,51.21920547826812,13.676763556383898,19.541448363459235,20.426284063231478,910.4571791754851,1023.890625,701.85546875,1.0,256,deepseek-ai-DeepSeek-R1-Distill-Qwen-14B_1024_512
92,1024,512,1024_512_14B_2,0.10407720406695775,0.11481523937385332,0.1556806779014968,2.1413130910586915,7.81198387790937,9.246974589047023,51.84655186573218,14.21509176356809,20.07003275351738,21.080618958521285,953.7582080285252,1023.734375,735.65625,1.0,256,deepseek-ai-DeepSeek-R1-Distill-Qwen-14B_1024_512
92,1024,512,1024_512_14B_1,0.17098452758678936,0.19115433078989244,0.19470462051716558,3.8727420855284436,15.369053080445156,16.872516402904875,86.51981415811497,9.100013576403672,12.176502730254512,12.70505940079414,626.2301653226252,1023.8203125,780.26953125,1.0,256,deepseek-ai-DeepSeek-R1-Distill-Qwen-14B_1024_512
93,1024,512,1024_512_14B_1,0.17732689034535093,0.19636419369349614,0.31356836693768547,3.9000180562416062,15.16777359182015,17.327128094481303,84.91925457473371,8.88820576330377,11.667257232767943,12.301549619118626,628.0026004142034,1023.6953125,756.62890625,1.0,256,deepseek-ai-DeepSeek-R1-Distill-Qwen-14B_1024_512
93,1024,512,1024_512_14B_2,0.10723321865857664,0.12035760705665047,0.15357637150265593,2.6998780941026084,8.32223273729904,9.52093559917062,52.24830383373849,12.783199503541477,17.99896567311941,20.637809020011876,411.51123483707994,1023.119170984456,669.5336787564767,1.0,193,deepseek-ai-DeepSeek-R1-Distill-Qwen-14B_1024_512
94,1024,512,1024_512_14B_1,0.1775744972898668,0.19640245508903936,0.29432258572440206,4.060947122095968,15.514438015874475,17.53942118638661,86.5318438929753,8.705485866272634,11.654987850828887,12.609486864762472,627.470634661138,1023.7734375,753.0703125,1.0,256,deepseek-ai-DeepSeek-R1-Distill-Qwen-14B_1024_512
95,1024,512,1024_512_14B_1,0.17873196380623002,0.19756975731488324,0.3395411780544464,4.11202908636551,16.02415912365541,17.515370408794844,85.62130621417782,8.744415380338339,11.812367566398505,12.486296137962675,624.2736005410062,1023.66015625,747.9921875,1.0,256,deepseek-ai-DeepSeek-R1-Distill-Qwen-14B_1024_512
96,1024,512,1024_512_14B_1,0.17550916290215207,0.19614542357454592,0.2431973844965553,4.1244087470931845,15.922682419302873,17.6996896599885,86.72454996706256,8.812385019323077,11.750417183928151,12.481857472684062,635.9755137079463,1023.6796875,760.66796875,1.0,256,deepseek-ai-DeepSeek-R1-Distill-Qwen-14B_1024_512
97,1024,512,1024_512_14B_1,0.17835835299671676,0.19911993396170022,0.20488093297863716,4.186880741313871,15.963270110078156,18.185159639874474,88.59747757833611,8.699092239618436,11.473697616653379,12.456086490447765,632.64216187524,1024.02734375,766.265625,1.0,256,deepseek-ai-DeepSeek-R1-Distill-Qwen-14B_1024_512
98,1024,512,1024_512_14B_1,0.18669995678800713,0.20157531729194228,0.500766697083145,4.306848946866012,16.16662890801672,18.385438113636337,87.80760444648513,8.45167825673876,11.377006844757737,11.949740699728116,618.7975827990027,1024.14453125,746.4765625,1.0,256,deepseek-ai-DeepSeek-R1-Distill-Qwen-14B_1024_512
99,1024,512,1024_512_14B_1,0.18382876146723848,0.20341328517388044,0.31143815897635585,4.324231914832126,16.64551025640685,18.126550425752065,88.37564051541813,8.612096925805508,11.541774104786896,12.09360887254587,628.1633778751464,1023.52734375,757.72265625,1.0,256,deepseek-ai-DeepSeek-R1-Distill-Qwen-14B_1024_512
100,1024,512,1024_512_14B_1,0.18475468739326462,0.2031015158892743,0.45480756293749347,4.451130657260364,16.702618580660783,18.48386786198243,89.10636436638924,8.380417064948544,11.17995904230785,12.356190290492867,622.7398270597361,1023.73828125,747.4296875,1.0,256,deepseek-ai-DeepSeek-R1-Distill-Qwen-14B_1024_512
101,1024,512,1024_512_14B_1,0.18723881423421224,0.2063862339864225,0.34686370335887295,4.522585475044252,16.75117204664275,18.991069130343384,89.17435563150684,8.318074388024087,11.220429664558141,12.038996675723482,618.7995229669267,1024.20703125,743.7265625,1.0,256,deepseek-ai-DeepSeek-R1-Distill-Qwen-14B_1024_512
102,1024,512,1024_512_14B_1,0.18651950108273602,0.20591157027276322,0.38945752643458936,4.574636309997004,16.850570600596257,18.878986991732383,89.95505413399587,8.088996323115179,11.019719408245653,11.750840580378702,603.4947180674501,1023.80078125,726.65625,1.0,256,deepseek-ai-DeepSeek-R1-Distill-Qwen-14B_1024_512
103,1024,512,1024_512_14B_1,0.18795272187611523,0.2059968580772873,0.39089841106387796,4.669893471482283,17.428905724780634,18.934437463246287,90.36586081522364,8.210135156975328,11.299509080904054,12.134745233714426,619.4378017449911,1023.59375,745.59765625,1.0,256,deepseek-ai-DeepSeek-R1-Distill-Qwen-14B_1024_512
104,1024,512,1024_512_14B_1,0.19334290205119758,0.21071092958718476,0.5037487532450651,4.721868865228316,17.40506046882365,19.199537693453014,91.03241793468624,8.049524759492197,11.243069972562928,11.833663352591003,608.3810340152263,1024.0546875,736.05859375,1.0,256,deepseek-ai-DeepSeek-R1-Distill-Qwen-14B_1024_512
105,1024,512,1024_512_14B_1,0.18889517420252955,0.20980247997555945,0.2856072693974019,4.841288628251277,17.460233282647096,19.671393467602318,93.21384154490624,8.163517117892043,10.905497466407413,11.842875577668389,618.2190143370291,1023.671875,758.46875,1.0,256,deepseek-ai-DeepSeek-R1-Distill-Qwen-14B_1024_512
106,1024,512,1024_512_14B_1,0.20360765557566007,0.2752626402272848,0.5683402239097111,4.874381502087999,17.93365772254765,19.69762629035394,90.7386462006125,7.686086756745681,10.687389487893444,11.57550914621712,591.2937584879033,1023.74609375,708.4453125,1.0,256,deepseek-ai-DeepSeek-R1-Distill-Qwen-14B_1024_512
107,1024,512,1024_512_14B_1,0.1916415562465842,0.21078245381339483,0.39036576036153214,5.0120009628753905,18.370180355734192,19.886408847919665,92.62919537889138,8.094565799402694,10.864966472342124,12.742768975915943,612.7904468863903,1023.42578125,740.84375,1.0,256,deepseek-ai-DeepSeek-R1-Distill-Qwen-14B_1024_512
108,1024,512,1024_512_14B_1,0.1912731831924021,0.2150702718630676,0.27951529575162526,5.063331313900562,18.25676845689304,20.015286198025564,94.183727641308,7.945167878807208,10.881272273697519,11.450905838286827,614.9315218944351,1023.25390625,744.6484375,1.0,256,deepseek-ai-DeepSeek-R1-Distill-Qwen-14B_1024_512
109,1024,512,1024_512_14B_1,0.19777106086894347,0.2141564936543982,0.567833123235872,5.201986441423287,18.290459250449203,20.50118079697713,93.71748534851213,7.757332007595501,10.756413800826778,11.42677566653477,607.9058202322566,1023.59765625,727.83203125,1.0,256,deepseek-ai-DeepSeek-R1-Distill-Qwen-14B_1024_512
110,1024,512,1024_512_14B_1,0.19613469903774727,0.21749651103147438,0.3664883351658938,5.212844966434204,18.486963703413494,20.548595518409275,94.97488534137301,7.855254488206622,10.77444611771196,11.176571211539368,612.9190363136597,1023.84765625,742.63671875,1.0,256,deepseek-ai-DeepSeek-R1-Distill-Qwen-14B_1024_512
111,1024,512,1024_512_14B_1,0.19942179271032767,0.21777480840462082,0.48803767528854364,5.348485619846542,19.058346645906568,20.589663077052684,94.64614331230405,7.60803941262525,10.670433853591835,11.63395585078708,597.5380599506594,1024.1015625,720.984375,1.0,256,deepseek-ai-DeepSeek-R1-Distill-Qwen-14B_1024_512
112,1024,512,1024_512_14B_1,0.19457335404462822,0.2148807819623658,0.2393764615204307,5.379684574972998,18.88258352817502,20.645510146697045,95.78992102527627,7.927598268869801,10.760748959148021,11.645969668019998,627.3375502820955,1023.67578125,754.2578125,1.0,256,deepseek-ai-DeepSeek-R1-Distill-Qwen-14B_1024_512
113,1024,512,1024_512_14B_1,0.19834451692767943,0.21911236168971265,0.3186274580559288,5.468726448674715,18.973536434816197,21.245767717645503,95.89916572888797,7.648116302873217,10.438488298696114,10.945598598452746,605.306814671882,1023.578125,730.1796875,1.0,256,deepseek-ai-DeepSeek-R1-Distill-Qwen-14B_1024_512
114,1024,512,1024_512_14B_1,0.19698463852887876,0.2190659650398814,0.2993952558687344,5.57399230989904,19.189447713666596,21.359060405241326,96.70706643518861,7.386594376102835,10.128303454333995,10.809801997728073,586.1952758798336,1023.39453125,708.5078125,1.0,256,deepseek-ai-DeepSeek-R1-Distill-Qwen-14B_1024_512
114,1024,512,1024_512_14B_2,0.15270259173955925,0.18573939680972784,0.29416740699114435,6.726485639499515,21.637506967876107,23.269387413118963,72.4852979797397,9.931773621091375,15.755997914083348,17.920831982502712,743.9225484022019,1023.3515625,685.32421875,1.0,256,deepseek-ai-DeepSeek-R1-Distill-Qwen-14B_1024_512
115,1024,512,1024_512_14B_2,0.1340919721774332,0.18793709351813573,0.1934946593820105,3.0380277164313156,10.109248091117479,11.15037308901082,65.74581276051867,11.378676715528437,24.6487129948284,30.56994932747952,828.7394638932888,1023.62890625,687.3359375,1.0,256,deepseek-ai-DeepSeek-R1-Distill-Qwen-14B_1024_512
115,1024,512,1024_512_14B_1,0.19558043603703082,0.22221690060908753,0.24759588476980446,5.646533778233788,19.36049462435767,21.42176686420571,98.31104580641295,7.720531778547653,10.514314465421712,11.105943834426936,617.3190490027681,1023.17578125,751.625,1.0,256,deepseek-ai-DeepSeek-R1-Distill-Qwen-14B_1024_512
116,1024,512,1024_512_14B_2,0.1448452935685489,0.19410784084916904,0.2124162540560339,3.146054437249404,10.915395538555458,12.480567280179821,71.16048612010127,10.914379768121025,20.612417162640014,24.375560259123294,802.7280490740264,1023.5234375,705.72265625,1.0,256,deepseek-ai-DeepSeek-R1-Distill-Qwen-14B_1024_512
116,1024,512,1024_512_14B_1,0.2008049670119747,0.22202422898728036,0.3946131809581043,5.7633578976056015,19.96127158869058,21.463495421689004,97.50507929232845,7.593512269485762,10.48133180800077,11.031028790046062,608.6786364905817,1023.59765625,736.6484375,1.0,256,deepseek-ai-DeepSeek-R1-Distill-Qwen-14B_1024_512
117,1024,512,1024_512_14B_2,0.14293592948854872,0.18304116409861415,0.2340563427136579,3.1226949242718547,10.85257750947494,12.51090693695005,69.87696120597684,10.87600289097147,16.724724927884346,18.097493144581954,846.8135427672396,1023.58203125,728.13671875,1.0,256,deepseek-ai-DeepSeek-R1-Distill-Qwen-14B_1024_512
117,1024,512,1024_512_14B_1,0.20147894164054903,0.22241348714589895,0.3752870049507112,5.824648419002187,19.767058673663996,22.008401649724693,98.35416869393157,7.50600792968416,10.405884518207284,10.900742186336338,604.1672235444508,1024.0,734.44921875,1.0,256,deepseek-ai-DeepSeek-R1-Distill-Qwen-14B_1024_512
118,1024,512,1024_512_14B_1,0.2133420042928974,0.22894727042338267,0.66228711031976,5.94488874923627,19.989700782345608,22.220119195175357,98.33492478023618,7.268467425766446,10.267562263883743,11.29713716706961,588.9875935616316,1023.33984375,718.83984375,1.0,256,deepseek-ai-DeepSeek-R1-Distill-Qwen-14B_1024_512
118,1024,512,1024_512_14B_2,0.13623359206664362,0.14690339386419438,0.32116237912618023,3.227878964655247,10.64936590672005,11.436385495821014,63.364232471176365,11.034605045613137,16.020693505269723,16.839838368759565,865.8018186993509,1023.40625,704.96484375,1.0,256,deepseek-ai-DeepSeek-R1-Distill-Qwen-14B_1024_512
119,1024,512,1024_512_14B_2,0.14103634777332286,0.1836034753039542,0.2221824974097611,3.293221627965977,10.900373070384376,11.957098827813745,69.3089479928567,10.155262799658828,16.577428454981302,18.844319910913416,821.7509998192461,1023.49609375,689.1484375,1.0,256,deepseek-ai-DeepSeek-R1-Distill-Qwen-14B_1024_512
119,1024,512,1024_512_14B_1,0.2059078943148684,0.22507303303783308,0.41133417004814365,6.002843228960046,20.44605400506407,21.946721777832135,99.23035584252648,7.332648477841751,10.174030845018907,11.140724114182241,593.7889429193796,1023.64453125,723.3203125,1.0,256,deepseek-ai-DeepSeek-R1-Distill-Qwen-14B_1024_512
120,1024,512,1024_512_14B_2,0.1366925705589126,0.14622026659247478,0.3565651868943989,3.272966506970988,10.874488788540475,11.715391181013546,64.5966665612359,11.173013374704398,15.636513689551824,17.276543384469882,878.7730087069215,1023.95703125,726.33203125,1.0,256,deepseek-ai-DeepSeek-R1-Distill-Qwen-14B_1024_512
120,1024,512,1024_512_14B_1,0.20713331427249065,0.22684059667012083,0.4248536294804215,6.1607062932962435,20.523297611507587,22.30657313189003,99.87759032210124,7.30141171810902,10.14672924328681,11.271088196304225,597.0159377920946,1023.6328125,727.0625,1.0,256,deepseek-ai-DeepSeek-R1-Distill-Qwen-14B_1024_512
121,1024,512,1024_512_14B_1,0.20636493104186,0.23011428872586048,0.38775936303158814,6.22391493489522,20.71783439256251,22.49469033812638,99.99497143906774,7.2617422928060975,10.00476739377207,10.658037923214753,601.9004174356976,1023.65234375,723.1796875,1.0,256,deepseek-ai-DeepSeek-R1-Distill-Qwen-14B_1024_512
121,1024,512,1024_512_14B_2,0.1345224944963608,0.14737351569742485,0.2925761257551732,3.3040278839071107,10.871622262056917,11.635840089735575,64.36192014295739,10.963705214125465,15.855126654897937,17.071637480752315,846.2351660222844,1023.796875,706.14453125,1.0,256,deepseek-ai-DeepSeek-R1-Distill-Qwen-14B_1024_512
122,1024,512,1024_512_14B_2,0.14281935674777002,0.1791279976500854,0.2223395689370422,3.3391265618192847,10.901225900975987,11.715004065469838,70.35245551744629,10.182478744263172,15.994184391792079,17.506303587743503,840.292518450373,1023.703125,703.0234375,1.0,256,deepseek-ai-DeepSeek-R1-Distill-Qwen-14B_1024_512
122,1024,512,1024_512_14B_1,0.21912677206533682,0.2523126643862055,0.642529041120078,6.3585004586784635,20.81384551920928,22.8817083329428,98.90884555146658,6.837612110037318,10.194713286643989,10.662616557481522,585.3911735279484,1023.75390625,681.65625,1.0,256,deepseek-ai-DeepSeek-R1-Distill-Qwen-14B_1024_512
123,1024,512,1024_512_14B_2,0.14487502632740742,0.18883249166128258,0.2718474954746423,3.3587395682989154,10.722087576752529,11.53747220034711,69.55245753094823,9.484022139195243,15.053059485802507,19.41052186229539,761.5620582545339,1023.515625,640.97265625,1.0,256,deepseek-ai-DeepSeek-R1-Distill-Qwen-14B_1024_512
123,1024,512,1024_512_14B_1,0.21245479617819726,0.23096616157777677,0.6214996948481221,6.43931970342237,21.30350247619208,22.81170781846158,100.72495552393775,7.129849327518951,10.310901609504327,11.195631653411038,600.373594964932,1023.421875,713.53515625,1.0,256,deepseek-ai-DeepSeek-R1-Distill-Qwen-14B_1024_512
124,1024,512,1024_512_14B_1,0.2116927311884096,0.23286130026215246,0.5230239821956907,6.513960468506411,21.293649450410157,22.984734224318526,101.11480605093129,7.212997932683642,10.116809442064962,10.74860809000366,616.5453623990511,1023.53515625,726.2578125,1.0,256,deepseek-ai-DeepSeek-R1-Distill-Qwen-14B_1024_512
124,1024,512,1024_512_14B_2,0.14675422068568486,0.19144443065733607,0.19331676492340322,3.4422622600759496,10.84716491017025,13.055823951843195,74.07706915966628,10.838174357038321,19.90540093745957,23.030591972192894,818.6687453506852,1023.52734375,721.09765625,1.0,256,deepseek-ai-DeepSeek-R1-Distill-Qwen-14B_1024_512
125,1024,512,1024_512_14B_1,0.21262647050268424,0.2342698772283681,0.3550337548871789,6.589954964054414,21.518202437087893,23.32143668693024,102.05730525466788,7.10528161164593,9.859099468701245,10.367868390884325,614.2938911186873,1023.58203125,723.34375,1.0,256,deepseek-ai-DeepSeek-R1-Distill-Qwen-14B_1024_512
125,1024,512,1024_512_14B_2,0.1497244957049549,0.1864941023888665,0.2440091909830578,3.5418600834327663,11.13470530579798,12.17848150909412,73.68467882376717,10.187026212754652,16.97271725314131,17.99892964141685,824.0567806478981,1023.53125,713.953125,1.0,256,deepseek-ai-DeepSeek-R1-Distill-Qwen-14B_1024_512
126,1024,512,1024_512_14B_2,0.14885678958864682,0.18922950581159848,0.19042610653839415,3.5280843253221974,10.968068931135349,12.443996770842931,73.80045382751632,10.350716964989875,17.480417879101605,18.20307764174941,805.6017407207551,1023.1953125,707.890625,1.0,256,deepseek-ai-DeepSeek-R1-Distill-Qwen-14B_1024_512
126,1024,512,1024_512_14B_1,0.21403154880165837,0.23430328713180273,0.6123444175228628,6.6951452148114186,21.403366308426484,23.42585978023708,103.36555735413276,7.1140372785706605,10.339299846826732,10.821892842777462,624.0271080904153,1023.61328125,732.04296875,1.0,256,deepseek-ai-DeepSeek-R1-Distill-Qwen-14B_1024_512
127,1024,512,1024_512_14B_1,0.21016788883558105,0.23615512398007482,0.2974578373904937,6.7788619835991994,22.049478230299428,23.56760848844424,104.93046694802979,7.112992426962176,9.942249579838936,10.806421232845997,626.7786743247062,1023.81640625,740.71484375,1.0,256,deepseek-ai-DeepSeek-R1-Distill-Qwen-14B_1024_512
127,1024,512,1024_512_14B_2,0.15005318037508372,0.1768772275918347,0.17906964277222123,3.6556459472831193,11.300113873090595,12.294250146928242,74.88776138871617,9.539051910149027,14.796095985407728,16.228700151119135,821.1686962732675,1023.76953125,700.578125,1.0,256,deepseek-ai-DeepSeek-R1-Distill-Qwen-14B_1024_512
128,1024,512,1024_512_14B_2,0.15286892839809552,0.18269463469933722,0.33059314387895283,3.6686151125177275,11.592279128264636,12.425439318967983,71.82749541163867,8.946943416382915,12.558633116469414,15.155597813844464,777.011121553811,1023.93359375,643.6328125,1.0,256,deepseek-ai-DeepSeek-R1-Distill-Qwen-14B_1024_512
128,1024,512,1024_512_14B_1,0.21001543847875154,0.2349675294923978,0.2687705670412726,6.8939208121792035,21.875562227447517,23.965368865500203,103.184891507457,7.2002346083248305,10.121923755498937,11.321808914572824,629.4028330882986,1023.76171875,733.9921875,1.0,256,deepseek-ai-DeepSeek-R1-Distill-Qwen-14B_1024_512
